{"cameraMode":{"drawMode":0,"name":"Shaded","section":"Shading Mode"},"sceneLighting":true,"audioPlay":false,"sceneViewState":{"m_AlwaysRefresh":false,"showFog":true,"showSkybox":true,"showFlares":true,"showImageEffects":true,"showParticleSystems":true,"showVisualEffectGraphs":true,"m_FxEnabled":true},"in2DMode":false,"pivot":{"x":2.228224277496338,"y":6.197101593017578,"z":-10.872105598449707},"rotation":{"x":0.11126863211393357,"y":-0.4234214425086975,"z":0.05243292823433876,"w":0.8976061344146729},"size":0.8660253882408142,"orthographic":false}