{"cameraMode":{"drawMode":0,"name":"Shaded","section":"Shading Mode"},"sceneLighting":false,"audioPlay":false,"sceneViewState":{"m_AlwaysRefresh":false,"showFog":true,"showSkybox":false,"showFlares":true,"showImageEffects":true,"showParticleSystems":true,"showVisualEffectGraphs":true,"m_FxEnabled":true},"in2DMode":false,"pivot":{"x":-3.348156452178955,"y":6.039726257324219,"z":-11.785240173339844},"rotation":{"x":0.2069888561964035,"y":0.05333349481225014,"z":-0.011326090432703495,"w":0.9768331050872803},"size":0.000017344029402011074,"orthographic":false}