{"cameraMode":{"drawMode":0,"name":"Shaded","section":"Shading Mode"},"sceneLighting":false,"audioPlay":false,"sceneViewState":{"m_AlwaysRefresh":false,"showFog":true,"showSkybox":false,"showFlares":true,"showImageEffects":true,"showParticleSystems":true,"showVisualEffectGraphs":true,"m_FxEnabled":true},"in2DMode":false,"pivot":{"x":2.5057947635650636,"y":4.255704402923584,"z":-21.036001205444337},"rotation":{"x":0.15186277031898499,"y":0.4476233720779419,"z":-0.07746254652738571,"w":0.8778469562530518},"size":0.000016797937860246748,"orthographic":false}